,0
0,buồn
1,bê bối
2,bất tiện
3,bẩn
4,bền bỉ
5,bịp bợm
6,chu toàn
7,chu đáo
8,chuyên nghiệp
9,chuẩn
10,chán
11,chính hãng
12,chính xác
13,chất
14,chậm
15,chậm chạp
16,chậm trễ
17,chật chội
18,cũ kỹ
19,cẩn thận
20,cẩu thả
21,cồng kềnh
22,cứng nhắc
23,cực phẩm
24,dơ
25,dễ
26,dễ sử dụng
27,dối trá
28,dở
29,ghét
30,ghê tởm
31,gian lận
32,giả mạo
33,gần gũi
34,gọn gàng
35,hay
36,hiện đại
37,hiệu quả
38,hoàn hảo
39,hoàn mỹ
40,hài lòng
41,hư hỏng
42,hạnh phúc
43,hỏng
44,hợp lý
45,khá
46,khó
47,khó chịu
48,khó hiểu
49,không hài lòng
50,khủng khiếp
51,kinh hoàng
52,kinh khủng
53,kinh tởm
54,kém
55,kém chất lượng
56,kịp thời
57,linh hoạt
58,lạnh nhạt
59,lịch sự
60,lỗi
61,lừa gạt
62,lừa đảo
63,minh bạch
64,mất uy tín
65,mềm mại
66,mới mẻ
67,mờ nhạt
68,ngon
69,nguy hiểm
70,nhanh
71,nhiệt tình
72,nhàm chán
73,nhạt
74,nhầm lẫn
75,nhẹ
76,niềm nở
77,nóng
78,nặng nề
79,nổi bật
80,phi thường
81,phiền phức
82,phong phú
83,phàn nàn
84,phí tiền
85,phù hợp
86,rác rưởi
87,rõ ràng
88,rườm rà
89,rắc rối
90,rẻ
91,sai sót
92,sang trọng
93,sáng tạo
94,sơ sài
95,sạch sẽ
96,thiếu chuyên nghiệp
97,thiếu sót
98,thân thiện
99,thích
100,thô ráp
101,thơm
102,thảm hại
103,thảm khốc
104,thất bại
105,thất vọng
106,thỏa mãn
107,thờ ơ
108,tinh tế
109,tiện dụng
110,tiện lợi
111,trì trệ
112,trễ
113,tuyệt
114,tuyệt hảo
115,tuyệt vời
116,tuyệt đỉnh
117,tươi mới
118,tầm thường
119,tận tâm
120,tận tình
121,tệ
122,tệ hại
123,tốt
124,tốt nhất
125,tồi
126,tồi tệ
127,uy tín
128,uổng phí
129,vui
130,vô dụng
131,vô trách nhiệm
132,vô vị
133,vĩ đại
134,xuất chúng
135,xuất sắc
136,xấu
137,xịn
138,yêu
139,yếu
140,êm
141,ô nhục
142,đa dạng
143,đáng ghét
144,đáng giá
145,đáng khinh
146,đáng kinh ngạc
147,đáng lo ngại
148,đáng mua
149,đáng nể
150,đáng sợ
151,đáng tin cậy
152,đáng xấu hổ
153,đáng yêu
154,đúng giờ
155,đơn giản
156,đơn điệu
157,được
158,đắt
159,đặc biệt
160,đẹp
161,đỉnh
162,đỉnh cao
163,độc hại
164,độc đáo
165,ấn tượng
166,ồn ào
167,ổn
